time,tweet
3/6/2021 4:39,âœ¨âœ¨âœ¨âœ¨âœ¨âœ¨âœ¨âœ¨âœ¨âœ¨âœ¨âœ¨âœ¨ https://t.co/ElGgeZ7B9c
3/5/2021 20:41,âœ¨ #SilkSonic #LeaveTheDoorOpen @AndersonPaak @DMile85 @BRODYTHEGR8 Cant believe itâ€™s finally out. Hope the world is body rollin right nowâœ¨ğŸ¹
3/5/2021 20:31,ğŸ‘€
3/5/2021 5:18,âœ¨ #SilkSonic song and video out nowâœ¨ #LeaveTheDoorOpenâœ¨ https://t.co/kP6S8ljNmn
3/5/2021 3:14,#SilkSonic
3/3/2021 20:48,Just posted a photo https://t.co/wPsxKeCAWH
3/2/2021 19:32,"Lacoste: â€œBruno, if you want the clothes to sell we need to hire ridiculously good looking models.â€ 

Me: â€œBET!â€ https://t.co/4otNoqEmEr"
3/2/2021 16:03,"Alright iâ€™ll be back. I gotta go approve some fabrics, Make a rum punch and place some bets. #Frikikikikiki"
3/2/2021 15:51,RESPECT https://t.co/eiPf6FRhOF
3/2/2021 15:50,a what? i canâ€™t even change my layout and you want a virtual what? https://t.co/RFHHtwQPhh
3/2/2021 15:45,just accept me. https://t.co/p7JIPOaLFo
3/2/2021 15:40,I donâ€™t think about that. I just want to give you the best that i can possibly give and hope yâ€™all love it as muchâ€¦ https://t.co/JytIM3vud9
3/2/2021 15:37,Silk Sonic Duh ğŸ˜‚ https://t.co/BSwb6pxYLS
3/2/2021 15:34,depends how you look at it.. one could argue my entire life.. woooh #ThatWasDeep. #ImPrettyDeep https://t.co/PJKx6aTdSC
3/2/2021 15:29,. @AndersonPaak and I pouring our heart and soul into these songs. https://t.co/iiyyf8rRY6
3/2/2021 15:23,Nahhh. We doubling down on it. https://t.co/Xc3YkGrFs1
3/2/2021 15:21,"RT @marschives: @BrunoMars ğŸ˜­ğŸ˜‚ Glad to see things are in order, as per usual. https://t.co/3u7HVAnmP0"
3/2/2021 15:14,nahhhhh https://t.co/58wr6UGy1f
3/2/2021 14:32,"The bigger the collars, the bigger the Dollars! Andyyyyy!ğŸš€ LacosteXRickyRegal #SilkSonic https://t.co/BCOQZfrPim"
3/2/2021 1:11,âœ¨ @1929galore got these diamonds DANCIN for our big week! let the countdown begin â° âœ¨ Thanks T! #SilkSonic https://t.co/1BIOLzjtXG
2/28/2021 0:27,ğŸŠ @LACOSTE messed up and gave the boy the KEYS!!! Imma seriously need you to F*#K wit me on a real BUSINESS type leâ€¦ https://t.co/S3xSREhGle
2/28/2021 0:24,ğŸ’¼ #BigBriefcaseBusinessBoy @LACOSTE ğŸŠ @ricky_regal https://t.co/y676aw2Yv9
2/28/2021 0:23,ğŸ² @ricky_regal @LACOSTE ğŸŠ Iâ€™m a gott damn fashion designer now! Catch me at a fabric store near you ğŸ§µ ğŸª¡ https://t.co/SC7SjDOQ4h
2/27/2021 23:23,"RT @voguemagazine: When @Lacoste said @BrunoMars could design whatever he wanted, he was instantly on board. His new line debuts March 5.
hâ€¦"
2/26/2021 4:05,âœ¨We locked in and made an album. The bandâ€™s called Silk Sonic. First song drops next Friday 3/5.âœ¨ https://t.co/kzCQ3f7NRa
1/31/2021 23:53,ğŸ˜Š https://t.co/9e6NnN7pde
1/29/2021 0:22,RT @CharlieWilson: Cuffinâ€™ season is almost here yâ€™all! ğŸ’˜ğŸ•ºğŸ¾ https://t.co/uQYTqKVm1e
1/20/2021 21:51,https://t.co/8WPydUO7VF Classic scene to start your afternoon.
1/15/2021 15:37,Why buy rum from a pirate when you can buy it from a player? ğŸ˜ @selvareyrum #TropicalLuxury https://t.co/lP1pn0gDPe
1/1/2021 8:27,âœ¨âœ¨âœ¨âœ¨âœ¨âœ¨âœ¨âœ¨âœ¨âœ¨âœ¨âœ¨âœ¨âœ¨âœ¨âœ¨âœ¨âœ¨âœ¨âœ¨âœ¨âœ¨âœ¨âœ¨âœ¨âœ¨âœ¨âœ¨âœ¨âœ¨âœ¨âœ¨âœ¨âœ¨âœ¨âœ¨âœ¨âœ¨âœ¨âœ¨âœ¨âœ¨âœ¨âœ¨âœ¨âœ¨âœ¨âœ¨âœ¨âœ¨âœ¨âœ¨âœ¨âœ¨âœ¨âœ¨âœ¨âœ¨âœ¨âœ¨âœ¨âœ¨âœ¨âœ¨âœ¨âœ¨âœ¨âœ¨âœ¨âœ¨âœ¨âœ¨âœ¨âœ¨âœ¨âœ¨âœ¨âœ¨âœ¨âœ¨âœ¨âœ¨âœ¨âœ¨âœ¨âœ¨âœ¨âœ¨âœ¨âœ¨âœ¨âœ¨âœ¨âœ¨âœ¨âœ¨âœ¨âœ¨âœ¨âœ¨âœ¨âœ¨âœ¨âœ¨âœ¨âœ¨âœ¨âœ¨âœ¨âœ¨âœ¨âœ¨âœ¨âœ¨âœ¨âœ¨âœ¨âœ¨âœ¨âœ¨âœ¨âœ¨âœ¨âœ¨âœ¨âœ¨âœ¨âœ¨âœ¨âœ¨
12/31/2020 20:39,"When you want to say goodbye to 2020, but youâ€™re also a tigerâœ¨ https://t.co/XXgovskRf6"
12/25/2020 19:42,MERRY CHRISTMAS TO MY HOOLIGANS! â™¥ï¸
12/22/2020 1:01,RT @SelvaReyRum: You havenâ€™t tried coquito until youâ€™ve tried it with SelvaRey Chocolate Rum #NationalCoquitoDay #SelvaReyRum #TropicalLuxuâ€¦
11/25/2020 19:14,"If you don't release music, you can't lose any Grammys. #ThinkAboutIt https://t.co/6oW37pB83e"
11/22/2020 0:28,ğŸ“£  https://t.co/fkYkciUs0r #SayHerName https://t.co/kpLFfJC3xG
11/17/2020 22:02,ğŸ¹âœ¨ğŸŒ´ @SelvaReyRum https://t.co/CHKizww7aI
10/9/2020 19:15,Thank you for all the Birthday love!!!! âœ¨ğŸ¥‚âœ¨ğŸ¥‚âœ¨ğŸ¥‚âœ¨ğŸ¥‚âœ¨ğŸ¥‚âœ¨ğŸ¥‚âœ¨
10/4/2020 20:45,Just posted a video https://t.co/F58INiVB0N
8/21/2020 10:05,â¤ï¸
8/14/2020 17:27,Goals ğŸ˜ https://t.co/3JBY5WX2Bp
8/3/2020 18:18,Yo @rihanna Iâ€™d like to submit some of my headshots for your Fenty Skin Campaign. I just took some new ones that Iâ€™m really proud of. ğŸ¤
8/3/2020 17:37,Sometimes I get so frustrated writing music I look in the mirror and say to myself â€œI shouldâ€™ve been a modelâ€ ğŸ˜”
7/20/2020 21:39,"Now that I have some of your attention, letâ€™s Keep #JusticeForBreonnaTaylor Going &amp; not let all the internet noise distract from her story."
7/20/2020 21:24,ğŸ¥‚âœ¨ https://t.co/Z6KWfqi42Q
7/20/2020 19:56,Iâ€™ll never get tired of singing this song. I dedicate it to all of you today. â¤ï¸  Happy B-Day Just The Way You Are.â€¦ https://t.co/jiL9nKJrbU
7/13/2020 19:14,RT @BET: #SayHerName! Sandra Bland died in police custody 5 years ago today after being arrested in a traffic stop. We remember her today aâ€¦
6/21/2020 19:23,Happy Fatherâ€™s Day Pops. I love you.    let me borrow that one piece ğŸ˜‚ https://t.co/b6H1VWCQNs
6/20/2020 9:05,RT @AndersonPaak: ğŸ—£ WHO SAID IT WAS A #LOCKDOWN?!? Video and song out now EVERYWHERE! Directed by the goat himself Dave Meyers. Many thanksâ€¦
6/19/2020 5:52,âœ¨âœ¨âœ¨ https://t.co/Ly3JfvwKmw
6/14/2020 18:58,They couldâ€™ve easily called someone  to take him home and protect his life instead of shooting him in the back likeâ€¦ https://t.co/97tRHkcyGr
6/11/2020 14:11,Everyone Please Watch! #JusticeForBreonnaTaylor https://t.co/dr81kWpxzH
6/6/2020 5:19,RT @sarahannwithanh: Hawaiâ€™i for #BlackLivesMattters . https://t.co/yffpNU5lTJ
6/5/2020 19:25,RT @majestic_gigi: Happy Birthday to this beautiful angel! Today she would have been 27 years old but her life was tragically taken from thâ€¦
6/3/2020 18:08,~Muhammad Ali https://t.co/TubTtSmdFL
6/3/2020 17:25,RT @BET: â€œDaddy changed the worldâ€- George Floydâ€™s daughter â¤ï¸ #JusticeForGeorgeFloyd #BlackLivesMatter https://t.co/sTnzY8leBN
5/31/2020 18:49,Thank you to all the protesters around the world fighting for whats right.  Protect Black lives #BlackLivesMatter.
5/31/2020 18:48,"Thank you @MrChuckD for posting this. Iâ€™m sure the history for a lot of folks comes with shame, but America  needsâ€¦ https://t.co/nIX3gMpwNd"
5/30/2020 0:08,#JusticeForGeorge #JusticeForGeorge #JusticeForGeorge
5/10/2020 21:57,Look at moms!! I remember when she bought this wig and swore she was Tina TurnerğŸ˜‚. Happy Mothers Day to all the harâ€¦ https://t.co/Rjey15YwQw
5/9/2020 20:08,Love you Little Richard. https://t.co/ql5PedKvzG
5/4/2020 18:03,Congrats on your #1 record Unc! #ForeverValentine!  Everyone show your love for the One and only @CharlieWilson !!!â€¦ https://t.co/Ef8JIZoZrQ
4/21/2020 2:48,Iâ€™m writing everyday... I promise.  â¤ï¸ https://t.co/FbzDUfKIFY
4/21/2020 2:44,Nah https://t.co/TaVNB6PH5z
4/21/2020 2:42,We all won tonight witnessing @KennyEdmonds and @TeddyRiley1  go back and forth with pure greatness.
3/22/2020 5:26,RT @DwayneDuggerII: AYE we lit! 24K Magic! #ClubQuarantine @djdnice https://t.co/Pp8GXFpgFi
3/8/2020 11:16,ğŸ² â™¥ï¸ â™£ï¸â™¦ï¸â™ ï¸ ğŸ² https://t.co/XHYm7gLSDJ
3/8/2020 11:10,Swipe to see all the vibes. https://t.co/Zexr37Swnc
2/26/2020 19:53,On The One! https://t.co/HxOrrtLAnB
2/26/2020 8:09,ğŸ¥‚ Thanks Fellas. https://t.co/30lh86ThNY
2/23/2020 16:47,All my love â¤ï¸@naacpimageaward ğŸ¥‚ Thank you. https://t.co/Obm0jtwaW0
2/14/2020 0:15,LOOK AT EM! @CharlieWilson  #ForeverValentine https://t.co/hRxKSnbjFe
2/12/2020 21:10,Beautiful! ğŸ¾ Everyone go check out Uncle @CharlieWilson New video! #ForeverValentine https://t.co/SbATCbsf4u
2/11/2020 18:52,LETS GOOOOO!!!! https://t.co/xRrXK5dYdB
2/9/2020 3:41,Happy Birthday @AndersonPaak. I Bought you some DVDs.  let me know when u want me to drop it off.
2/7/2020 1:43,Letâ€™s go unc!!!!! https://t.co/ehYBqB1uUC
2/6/2020 17:34,"â€œIf your heart is in your dream 
No request is too extreme 
When you wish upon a Starâ€ğŸ¶ #MarsMeetsTheMouseâ€¦ https://t.co/C1RthzLHGO"
1/29/2020 10:28,"RT @NBAonTNT: â€œEvery time I see you guys, expect an â€˜I love you.â€™â€ - @SHAQ â¤ï¸ https://t.co/tQQpVEJa6k"
1/26/2020 20:25,Kobe was a real life super hero on that court &amp; Iâ€™m sure he was one to his family. Sending love and prayers to them. This is heartbreaking.
1/20/2020 22:31,Wanted to wish everyone a Happy Martin Luther King Day! https://t.co/oiabltao2l
1/20/2020 22:23,Nah! https://t.co/a01vjusZOJ
1/19/2020 20:40,We must. ğŸ¥‚ https://t.co/2jNeKORa2o
1/19/2020 20:38,ğŸ˜¢ I miss this. https://t.co/3mKj6wVsTl
1/19/2020 20:10,"Hereâ€™s a little more sunshine for your Sunday.
#ForeverValentine By Charlie Wilson. 

https://t.co/z0hFoTLT9p"
1/19/2020 19:55,ğŸ˜ https://t.co/m3pRAN81Rg
1/16/2020 23:31,The world could use a little love right about now and who better to bring it to you than one of the greatest of allâ€¦ https://t.co/pRRsKudamc
1/15/2020 22:35,Look at @fauntleroy! You jus a lil baby angel James.  Happy 1500 Day in LA! ğŸŒ´ ğŸ¥‚ https://t.co/warRpLLLYn
1/15/2020 21:32,ğŸ¾ https://t.co/4bnk0kygA1
1/10/2020 1:35,â¤ï¸ Thank you @naacpimageaward congrats fellas! ğŸ¥‚ https://t.co/CXCjiLZsnz
1/5/2020 10:14,RT @revolttv: Letâ€™s send love and prayers to all those who are fighting for this country.   ğŸ™ğŸ¾ https://t.co/YwErmsMlWo
1/5/2020 10:12,Sending love to Australia.
1/5/2020 10:09,RT @w0rldleadir: THIS IS WORTH A VIEWING https://t.co/T81Mkuap5C
1/2/2020 22:48,RT @jamareoartis: Jammin into 2020 from Abu Dhabi https://t.co/nZQN2Gj1XP
12/24/2019 22:41,"Merry Christmas Hooligans. 
Sincerely, The Brunz ğŸ„"
12/12/2019 11:23,ğŸ˜‚ just dramatic https://t.co/qn1ci4spGH
12/12/2019 11:11,ğŸ˜‚ Iâ€™m good. Thanks for checkin up. https://t.co/W4ewFbGT7F
12/8/2019 23:05,https://t.co/VFtgpwD6QB
11/26/2019 11:10,Now watching ğŸš€ https://t.co/aSbXmSPPIU
11/25/2019 8:51,Thank you Hooligans and Thank you @AMAs ğŸ¥‚ â¤ï¸
11/18/2019 18:31,"RT @parkmgm: It's showtime. Guess whose back again! 
@BrunoMars returns to Park MGM for additional dates in March and April 2020! 
Ticketsâ€¦"
11/18/2019 18:27,Good luck! Tell them Iâ€™m taller in person. https://t.co/jqzVl5JzgB
11/3/2019 1:31,SATURDAY NIGHT! ğŸ¤ªğŸ”¥ğŸ»ğŸ¸ğŸ¾ https://t.co/PVOEy85rgh
10/31/2019 20:56,ğŸƒğŸƒğŸƒğŸƒ https://t.co/cKpYXVBwDC
10/31/2019 20:55,HAPPY HALLOWEEN ğŸ‘» https://t.co/i4N8bMoHnH
10/25/2019 5:36,Ayyyeee! Thank you @AMAs ğŸ¥‚ @chrisbrown and @thegreatkhalid https://t.co/UWoYzb72GP
10/22/2019 20:12,https://t.co/ctkrwlm2b3
10/19/2019 5:05,RT @BET: Happy Birthday #ChuckBerry! || ğŸ“¸ Tim Clayton/Getty Images https://t.co/HxNkJvvhMP
10/17/2019 19:57,âœ¨ ğŸƒ âœ¨ https://t.co/HGMyZI3tUd
10/16/2019 11:04,Ohhh Nooooo...ohhhh no no no noooo https://t.co/UQ1ZIWPIfW
10/16/2019 10:58,ğŸ¹ https://t.co/GKwT9D6fEw
10/14/2019 20:54,ï¿¼ğŸ˜ https://t.co/m5OIh0pZT4
10/8/2019 18:41,Sending all of you love on this INTERNATIONAL HOLIDAY!ğŸ¥‚ Thank you for changing my life and giving me the opportunity to sing for yâ€™all.â¤ï¸
9/23/2019 17:45,What I tell you about bath water??  ğŸ˜’ https://t.co/IyyzQbLN4F
9/23/2019 17:43,BOOM!!! ğŸ”¥ https://t.co/Uzr6zo2ajX
9/23/2019 17:41,I thought it was October ğŸ˜” https://t.co/UZPN2z7BBZ
9/23/2019 17:36,â™ï¸  â€˜Tis the season ğŸ˜
9/21/2019 22:10,Donâ€™t ever dip your toes in someone elseâ€™s bath water.
9/21/2019 22:07,And another thing......
9/15/2019 23:30,And we out!!!! Thank you Vegas !!!!!ğŸ² ğŸ² https://t.co/OysaW7cs3r
9/15/2019 0:00,ğŸ˜‚ğŸ˜‚ğŸ˜‚ WHAT? https://t.co/vxKavPgPP5
9/14/2019 1:55,AwwwwwğŸ˜‚Get better Maggie!!! https://t.co/lZDpliQ4kI
9/12/2019 17:58,LETS GOOOOOO!!!! https://t.co/tGqE0jbiXn
9/11/2019 1:55,ITS ON NOW!!!! https://t.co/Y5LWYk0M8m
9/11/2019 1:30,This was the moment I saw The Weekndâ€™s New Mustache. https://t.co/ETGCiSBJC0
9/11/2019 1:23,ğŸ¶ woooo woooo woooo ğŸ¶ https://t.co/bsHUuRbMsH
9/8/2019 22:42,Whatâ€™s Happening? https://t.co/hAntsKmIwv
9/6/2019 16:42,ğŸ’° https://t.co/0aAF4CW9ye
9/1/2019 4:01,"RT @adtwinchester: Talking to the Moon - Bruno Mars

Nobody:

Hooligans: https://t.co/4OwdPkCDMg"
8/26/2019 20:03,When someone tells me they actually like The Lazy Song. ğŸ¥º https://t.co/5jQDM8l72X
8/19/2019 17:35,#MondayMotivaton âœ¨âœ¨âœ¨ https://t.co/sI6Rk3ECdQ
8/17/2019 6:11,ğŸ˜‚ https://t.co/nwtEYEmzfT
8/16/2019 11:30,âœ¨âœ¨âœ¨
8/11/2019 1:06,ğŸ”¥ https://t.co/86tdkFe2oe
8/8/2019 1:26,Just posted a photo https://t.co/XpzlPcAMUp
7/31/2019 18:25,"I love you Hawaii, and I'm with you. #protectmaunakea https://t.co/SnkUzREpjU"
7/29/2019 17:39,I see you Hooligans! love yâ€™all. â¤ï¸
7/24/2019 17:48,ğŸ§ https://t.co/qk4OEkEtAU
7/22/2019 18:56,ğŸ˜œ
7/22/2019 18:52,When being petty pays off. Thank you Hooligans. ğŸ¤— https://t.co/gpAtF4S25I
7/21/2019 19:25,No itâ€™s too late. You started it. https://t.co/XXQktFnQQK
7/21/2019 19:23,ğŸ‘Nah https://t.co/myDiqAC7aL
7/21/2019 19:16,Is this some kind of sick joke? What world are we living in? Ugghh! Whatever itâ€™s cool. Iâ€™m fine.  Seriously Iâ€™m fiâ€¦ https://t.co/ET4J43jU1I
7/19/2019 19:33,Sometimes I be going through things.... But sometimes I get a lil sassy.... Fuck wit me! https://t.co/9EzwJyw281
7/19/2019 19:27,Straight Buggin! https://t.co/1iIifgHciN
7/19/2019 19:23,Forgive me https://t.co/cn2pmzFjys
7/19/2019 19:22,I wish I released â€œChunkyâ€ as a single ğŸ˜” and â€œCalling all my loveliesâ€ and  â€œtoo good to say goodbyeâ€ ğŸ˜”and â€œpermâ€ and â€œstraight up &amp; downâ€ ğŸ˜”
7/16/2019 19:08,JULIO!! FEED THE HORSES!
7/16/2019 19:06,Uptown Road!!! #MegaMashUp ğŸ˜‚ https://t.co/FGmr4W8vfA
7/16/2019 18:56,Congrats @LilNasX ! Thatâ€™s awesome. ğŸ¥‚ https://t.co/6DhD0PAfnH
7/13/2019 5:42,HAPPY BIRTHDAY @kameronwhalum!!! #Hooligans ğŸ¥‚
7/8/2019 15:59,Yâ€™all wanna see 6 girls whoopin ass? Go check out the official video to BLOW. When youâ€™re done let these rockstarsâ€¦ https://t.co/1tl8PfOiGu
7/6/2019 19:11,Play BLOW in the gym and watch what happens. https://t.co/pgGX2whc3y
7/5/2019 18:36,Check out Ed Sheeranâ€™s new song â€œBLOWâ€ with Chris Stapleton and me. Available everywhere. https://t.co/6DdzTnc9D1
7/4/2019 19:19,"It was a privilege to work with Ed ""The Song Writing Machine"" Sheeran and Chris ""Sing Ya Face Off"" Stapleton for Edâ€¦ https://t.co/iHMbnTYlAA"
7/3/2019 19:53,Here you go twitter. Enjoy ya self! ğŸ§¯ https://t.co/jVWrekzqpj
7/3/2019 19:33,EL CAPITAN FUEGO!!! ğŸ”¥ Eat your heart out @edsheeran ! This shit ainâ€™t a game! I Do this! I ainâ€™t new 2 this! Iâ€™m trâ€¦ https://t.co/UORDBoqCoa
6/27/2019 2:52,"Big words, Big words, Big words"
6/24/2019 21:33,So much love for @BET and the @BETAwards. Thank You Thank You Thank you!!! Congrats on another awesome show! ğŸ¾
6/19/2019 18:35,RT @seven11yonce: Whenever someone gets in the car with me and @BrunoMars comes on ğŸ˜‚ğŸ˜‚ğŸ˜‚ https://t.co/hWzHUVfNzP
6/8/2019 18:59,It sure did didnâ€™t  it? Well... let us pray. https://t.co/gshtf2Nvc7
6/7/2019 17:45,ğŸ’œ https://t.co/PADzyFCtkq
5/28/2019 18:43,ğŸ˜’ Just checkin. https://t.co/31vlfRkVYn
5/28/2019 17:55,Dipped in silk at the Apollo Theater! Fuck wit me! https://t.co/QnYynLJmbA
5/26/2019 21:50,Happy Birthday @Lennykravitz Youâ€™ve accomplished so much and continue to do so. Youâ€™ve written Songs that i wish Iâ€™â€¦ https://t.co/fFtqDmtxNt
5/17/2019 19:36,Cheers Fellas ğŸ¥‚  Thanks again @BET .  This means the ğŸŒ https://t.co/cpFS5mrlAo
5/17/2019 18:01,Thank You @BETAwards â¤ï¸
5/16/2019 23:21,HAPPY BIRTHDAY!!!!!  @JanetJackson https://t.co/BhVEabMxXc
5/16/2019 23:17,TBT The Young Legend  @fauntleroy and I workin on the album you know today as 24k Magic! Happy Birthday James! https://t.co/Rvkj31QJ5K
5/13/2019 19:08,Happy Birthday Stevie! https://t.co/SYz4H7Dyzf
5/12/2019 20:52,I promised my mama Iâ€™d give her a high school diploma. I didnâ€™t say anything about good grades ğŸ˜‚This was the day Iâ€¦ https://t.co/rkxZLnqNiu
5/8/2019 3:29,Yo @Converse please consider giving @creamebiggums a shoe deal! This Legend deserves his flowers! Been loyal since day 1! and I need a pairğŸ™
5/7/2019 18:07,If I was in Game of Thrones id be named Sir Silks A lot. ğŸ˜ Thatâ€™s all I got for you today.....Ok bye.
5/7/2019 18:01,Thank u @Zendaya 4 sending me this silky ass Zendaya x Hillfiger shirt.  So clean! Hereâ€™s a pic of me doin some serâ€¦ https://t.co/5mgP3kVLAM
5/6/2019 19:27,ğŸ¦„ https://t.co/MzARiLr7om
5/5/2019 22:15,â™ ï¸â™¥ï¸VEGASâ™¦ï¸â™£ï¸ Thank You to everyone that came down to the MGM Park Theater this week and rocked out with the Hooligâ€¦ https://t.co/nf4QF3wdng
5/2/2019 17:04,ğŸ˜‚ https://t.co/ImYOcL5ieA
5/2/2019 16:58,If you donâ€™t remember it then I didnâ€™t do my job.  We In Real Time! https://t.co/oBpF5g4nA9
5/2/2019 16:56,â¤ï¸ Iâ€™m tellin yâ€™all! Put the phones away &amp; jam with us/ be apart of the show. Those phones just create a wall! Weâ€™vâ€¦ https://t.co/Od3SWyfXmX
5/2/2019 8:20,Still Bump it! Shout out to @bobatl https://t.co/e6h3N13Efw
5/2/2019 8:20,Still Bump it! Shout out to @bobatl https://t.co/e6h3N13Efw
4/25/2019 0:13,My apologies https://t.co/MUaVXUEPHD
4/25/2019 0:02,RT @AsianMacaron: @BrunoMars Almost Bruno... almost
4/24/2019 23:53,Lizzo been killin! https://t.co/9T8MKsEclS
4/23/2019 19:31,ğŸ”¥ ğŸ¸ https://t.co/7NdOe4gwIv
4/22/2019 3:48,#NewProfilePic https://t.co/XA4g8OwOHP
4/22/2019 3:38,Happy Easter to you and yours!  â¤ï¸
4/22/2019 2:52,When the hoodie you ordered online finally shows up in the mail. #Contender #ChampionMindset #CallMeUFC https://t.co/9zOKm0WkHQ
4/22/2019 2:24,My brother throws an Easter party &amp; busts out the Valentineâ€™s Day paper plates ğŸ˜’ Thanks for ruining Easterâ€¦ https://t.co/xQ1hGlo9eZ
4/20/2019 23:29,Saturday! ğŸ¥­ ğŸ¥¥ https://t.co/jWsq7JxJsJ
4/20/2019 21:04,YOOOO! ğŸ˜„Yâ€™all killed it. #ShotForShot #PleaseMe https://t.co/jLz6LPYin3
4/17/2019 10:57,RT @BrunoMars: â¤ï¸ #Hooligans
4/12/2019 22:55,â¤ï¸ğŸ¥‚â¤ï¸ https://t.co/0OhbpPqUIo
4/12/2019 18:33,â¤ï¸ #Hooligans
4/7/2019 2:39,Nailed it! https://t.co/VL91TJEsSm
4/6/2019 17:22,Awesome! https://t.co/1L8C2eQLdL
4/5/2019 18:51,Ayyyyyyyyeee!!!! ğŸ™Œ https://t.co/nL227UVx6E
4/1/2019 3:59,R.I.P Nipsey https://t.co/gjMwgkwrMO
4/1/2019 3:55,"RT @Complex: ""Material things ain't nothing, you feel me? At the end of the day it's who you is.""

Nipsey will be missed.

https://t.co/mH6â€¦"
3/31/2019 17:19,When you know she lying .... But she fine ğŸ˜ https://t.co/S799o5ie1L
3/30/2019 17:53,Thank you @naacpimageaward. What an amazing way to wake up. Beyond Grateful for this award! â¤ï¸ğŸ¥‚
3/27/2019 21:50,Mood https://t.co/4Nnpe0kCCV
3/25/2019 2:18,Everybody has obstacles in life they must conquer. My journey begins now. Farewell twitter. For I must do this on mâ€¦ https://t.co/dW5zJ39Hdg
3/25/2019 2:05,"Iâ€™ve learned 3 things in life. Iâ€™ll never win a Kids Choice Award, and that Finkle is Einhorn and Einhorn is Finkle."
3/23/2019 16:45,Pleeth!! P L E E E T T H!!! ğŸ˜‚ ğŸ™Œ https://t.co/iLlvqqM3CF
3/20/2019 11:34,"Looky here sweetheart...The only thing in this world that gets old is clothes, and even they come back in style. ğŸ˜˜ ğŸ¥‚ https://t.co/UJS0GYkulN"
3/20/2019 11:22,ğŸ˜‚ Nah! Ya said what ya said! https://t.co/E81SQkxTkN
3/20/2019 11:21,ğŸ˜‰ https://t.co/DkF25q3Vcw
3/20/2019 11:11,Fair enough https://t.co/LOglMpIGnT
3/20/2019 10:47,Yo! Hook me up! ğŸ™Œ https://t.co/Eh3EwqgmFA
3/15/2019 19:34,https://t.co/GE3m0XQhkf ğŸ˜‚
3/11/2019 2:07,ğŸ¥‚ #PleaseMe https://t.co/mayRBHrvVQ
3/9/2019 23:47,Art by Jesus #GodsPlan https://t.co/8kW0tOVTzx
3/9/2019 23:19,Art by @lordmesa #PleaseMe https://t.co/fg0yWvBgFL
3/8/2019 18:44,"It's the WORST when people post photos of themselves that they like, and then try to play it cool by writing a captâ€¦ https://t.co/x9lRN0Lq4W"
3/6/2019 22:38,I love this record! ğŸ‘† Thank you all for making â€œWake Up In The Skyâ€ Double Platinum! â¤ï¸ğŸ¥‚ https://t.co/l3DDaLiN63
3/5/2019 3:46,One day Iâ€™ll try it. #StreamPleaseMe ğŸ˜‚ https://t.co/zMWSve91lu
3/5/2019 3:27,ğŸ˜­ğŸ˜­ğŸ˜­ğŸ˜­ https://t.co/znp86yMFS8
3/5/2019 3:26,Nah! https://t.co/ToKdOqAiqn
3/5/2019 3:26,#ThatsHard â¤ï¸ https://t.co/FWLKFs6hmu
3/5/2019 3:25,#ThatsHard â¤ï¸ https://t.co/a26kaKkGyq
3/5/2019 3:23,#ThatsHard â¤ï¸ https://t.co/66JnBk37s8
3/5/2019 3:19,THATS HARD! â¤ï¸ https://t.co/kFkFepYAOu
3/3/2019 2:33,ğŸ’°Ol Slick Boyz! Please Me Video Out Now! Preeshiate u Pyyymmps ğŸ¥‚ Hereâ€™s to many more! https://t.co/Cn34npNCOJ
3/2/2019 19:37,â€œNow its the weekend OOOOHHâ€ ğŸ˜‚ hahaha! donâ€™t hurt em with the oooohhh!!! https://t.co/K2D0p5rDcR
3/2/2019 5:13,ğŸ™Thank you guys for making The #PleaseMeVideo the number 1 trending video on YouTube https://t.co/yFfTcgDVE3 Imma go celebrate! ğŸ¥‚ ğŸŒ® ğŸŒ® ğŸ˜
3/2/2019 4:51,ğŸ˜‚ we goin straight to DVD! https://t.co/uEFIMpKm2h
3/2/2019 4:23,ğŸ˜³That escalated quickly https://t.co/3rIwtNf0Cg
3/2/2019 4:21,Amazing https://t.co/BFKQ2fhGMt
3/2/2019 4:18,ğŸ˜‚ğŸ˜‚ğŸ˜‚ https://t.co/iPKDr6LySQ
3/2/2019 4:13,RT @takescares: @BrunoMars Please shave
3/2/2019 4:11,RT @BrunoMarsDaBest: @BrunoMars Youâ€™re searching for a lost taco
3/2/2019 4:10,RT @aridorsognaa: @BrunoMars money
3/2/2019 4:09,Whatâ€™s the plot tho? https://t.co/eh6m7hHB6Z
3/2/2019 3:47,ğŸ˜‚ ğŸ™ŒThis is cool bro. Thank you. https://t.co/FHB2sSZ3BH
3/2/2019 3:04,#PleaseMeVideo https://t.co/yFfTcgDVE3
3/2/2019 2:36,FREEZING! But you killed it! Everyone show your love to @iamcardib and tell her how great she is in this video!!â€¦ https://t.co/HjVjLK0GN7
3/1/2019 16:40,#PleaseMeVideo Out Now!!! https://t.co/UA6RzUpAIV
2/27/2019 20:41,"Dear Indonesia, I gave u the wholesome hits â€œNothin On You,â€ â€œJust The Way You Are,â€ &amp; â€œTreasure.â€ Donâ€™t lump me in with that sexual deviant"
2/27/2019 20:33,â€œIâ€™m in love with the shape of you?â€ Really @edsheeran ? You monster! &amp; donâ€™t even get me started on â€œThinking Out Loud.â€ Have u no shame?
2/27/2019 20:24,"WTF! I was poppin in Indonesia! Then here comes @edsheeran with his sick, perverted lyrics, gettin us all pinched!â€¦ https://t.co/XRVnnwEyJ1"
2/26/2019 2:51,This Friday! Please Me Video! https://t.co/WyurVcnO91
2/21/2019 19:50,Same ğŸ˜ https://t.co/bq41jWAGIE
2/20/2019 21:40,ğŸ˜‚ thegiftd1 â€œLETS GO!â€ ğŸ™Œ https://t.co/isz5AYrTba
2/20/2019 13:39,"Get off your phone and go be great, and Iâ€™ll do the same. https://t.co/1sc2ps5Int"
2/20/2019 13:34,Nah https://t.co/dOEKaLjova
2/20/2019 13:32,ğŸ˜‚ https://t.co/NuYi85egks
2/20/2019 13:28,Cardi B and I just released a song thatâ€™s whoopin ass called Please Me. You can find it at your nearest record storâ€¦ https://t.co/RtrVuDX6ju
2/20/2019 13:25,Just wanted to drop this Love off on your time line is all. No song... no album.  Just pure sensitive thug emotion.â€¦ https://t.co/zhUv4cVvYf
2/20/2019 13:11,LOVE &gt;&gt;&gt; EVERYTHING
2/19/2019 2:46,RT @AtlanticRecords: .@iamcardib x @BrunoMars' new song #PleaseMe is out now ğŸ’¥ Listen here: https://t.co/IiaOjABcR4 https://t.co/h8510oekhW
2/16/2019 22:25,RT @pearls_andgold: He felt that lol @iamcardib @BrunoMars ğŸ”¥ https://t.co/1zCM97p5cE
2/15/2019 20:34,SHIT! ğŸ”¥ https://t.co/dEcBsMhXsk
2/15/2019 19:06,#PleaseMe
2/15/2019 18:52,ğŸ¶ Girl I ainâ€™t one for beggin.. but now you got me beggin ğŸ¶ yâ€™all heard it yet? ğŸ˜’You ainâ€™t hear it yet. Iâ€™m outta here.
2/14/2019 1:43,NEW SONG THIS FRIDAY! https://t.co/OS3Xtf0rnn
2/4/2019 0:49,Last night in Atlanta. https://t.co/kAma0KO5eF
1/24/2019 21:04,Sending love to you all! Thank you! https://t.co/Q1zDzXlZjS
1/12/2019 20:40,Step into 2019 like ğŸ˜ ğŸ¾ Congrats @gucci1017 and @KodakBlack1k Thank you all! #WakeUpInTheSky https://t.co/1Ozm3Tp2mj
1/8/2019 21:19,But how did I know her eyes were open? ğŸ˜’ https://t.co/5hBnCudSvn
1/6/2019 21:08,LETS GOOOO!!! https://t.co/ZjzydlmH3o
1/4/2019 18:47,Justice for #JazmineBarnes and her family. https://t.co/nlnso16xz6
1/1/2019 1:29,"My boys continue to show the world what time it is, and a band that sings together blings together! âœ¨âœ¨ #AudeMARSâ€¦ https://t.co/BxkKjGjW7r"
12/25/2018 18:48,Hey for real.... Merry Christmas Hooligans!
12/7/2018 17:41,Congrats @gucci1017 ! ğŸ¾ https://t.co/in6Gm93Jiw
12/4/2018 20:00,Thank you to everyone for making Wake Up In The Sky #1 at Rhythmic Radio and #1 at Urban Radio. @gucci1017â€¦ https://t.co/V1IuNvUH7W
11/29/2018 17:24,Morning inspiration! ğŸ™Œ https://t.co/TLBACD0zuy
11/26/2018 20:28,Thank you @SoulTrain! Congrats on another awesome show!!
11/23/2018 0:49,HAPPY THANKSGIVING! https://t.co/WGsDcFai4Y
11/23/2018 0:33,HAPPY THANKSGIVING !ğŸ¥‚
11/18/2018 22:51,YOUâ€™LL SEE ğŸ˜
11/18/2018 22:48,ğŸ¤ https://t.co/kqYcP5dxVM
11/18/2018 22:39,You ever heard the expression the cheese is better left unharmed? No? Neither have I. Youâ€™ll see ğŸ˜ https://t.co/3CthDmUeFF
11/18/2018 22:36,Feels like I ainâ€™t even scratch the surface yet. Youâ€™ll see. ğŸ˜ https://t.co/6jKYztp3yx
11/18/2018 22:24,ğŸ˜© https://t.co/m36n6K5MSc
11/18/2018 22:11,. @mrtalkbox Christmas album! ğŸ™ŒWhat a beast!!!
11/18/2018 20:57,MOOD âœ¨ Wishing all of you a Happy Sunday. #wakeupinthesky https://t.co/SZ72FanhWf
11/17/2018 21:57,ğŸ™ğŸ˜¯ğŸ¤ªğŸ™Œ #Hooligans https://t.co/XIWh1b7yXR
11/16/2018 6:38,Everyone go check out my guys album on I Tunes now!! Congrats @AndersonPaak ğŸ¥‚ #Oxnard https://t.co/IWX7FaV70o
11/14/2018 20:15,Repost: ğŸ”¥ Out here with the moves! @slfmj_93 #wakeupintheskyâœ¨ https://t.co/ygjkRfWkQH
11/12/2018 22:57,I donâ€™t know what happens next... but I canâ€™t wait to find out. Thank you Hawaii for letting us end Theâ€¦ https://t.co/vp3ZWNQqhC
11/11/2018 10:36,. @TheGreen808 and @commonkings yâ€™all killed it! See you tomorrow Night! Thank you Hawaii for an incredible night! ğŸ¤™
11/11/2018 10:10,"Youâ€™re looking at one of the greatest pound for pound cage fighters in the world, And Max Holloway. ğŸ˜‚ #LocalBoyzâ€¦ https://t.co/u68GEcrIi6"
11/11/2018 2:36,Magnum P.I.M.P  #AlohaStadium #Hawaii https://t.co/Zk6TppztEE
11/11/2018 1:22,RT @adtwinchester: Bruno posted Bruno lypsyncing Bruno while dancing Bruno using Bruno-snapchat singing Bruno on Bruno's hometown. My headâ€¦
11/9/2018 6:32,Hearing @ImCharlieWilson sing in  Hawaii does something to my soul. I love you Uncle Charlie. Thank you for everything!
11/8/2018 20:07,"Letâ€™s have a good time tonight Hawaii!  Most importantly, letâ€™s show love and aloha to everyone driving down and atâ€¦ https://t.co/Vv26z7uDrT"
11/2/2018 23:06,Thatâ€™s why they all Fuuuhhhggg with me. ğŸ˜œâœ¨ https://t.co/gR0wYeuiIF
11/2/2018 2:53,May blessings continue to rain upon you. https://t.co/ihFoLH65qc
11/2/2018 2:47,U know every now and then I turn the stove on &amp; make myself a salami sandwich. I think itâ€™s best if u all knew that.. Alright.. take care.
11/1/2018 21:01,"The Fly-Lites!  @gucci1017  @KodakBlack1k And The Brunz!! Have you seen the video??
ğŸ¶ Tell me have you seen it?!? ğŸ¶ https://t.co/12HE0qS4Qt"
11/1/2018 6:25,Mini Hendrix!   â˜®ï¸  ğŸ’œ                     Happy Halloween! ğŸƒ https://t.co/Cr23cDh9bg
10/31/2018 16:29,Ayyyyyeee!!! Who next??? https://t.co/zCtJ3qTWPC
10/31/2018 16:03,https://t.co/v3XU3X4w0P ğŸ’¥ğŸ’¥ğŸ’¥ https://t.co/pO6mhd3S5C
10/28/2018 21:46,LA! https://t.co/S9mycPpeM5
10/28/2018 8:54,Thank you @STAPLESCenter ! Thank you LA ! Thank you to everyone who came out and rocked with us! âœ¨âœ¨âœ¨ https://t.co/WSrGKqEJoQ
10/28/2018 3:14,WHAT A RIDE!! Last show in LA tonight! #24kmagicworldtour #Hooligans âœ¨âœ¨âœ¨ https://t.co/yE8exVjGDW
10/27/2018 7:31,You killed it tonight!!! Letâ€™s do it all again soon! https://t.co/OaVgDMo8Mx
10/26/2018 1:38,THANK YOU!  âœ¨ğŸš‚âœ¨ https://t.co/UqrJPliWzK
10/25/2018 23:00,Halloween around the corner like ğŸ‘» !! https://t.co/iz1TnQksgm
10/25/2018 21:03,PICK UP THE PHONE!!! https://t.co/z5UctYmT0e
10/24/2018 20:42,Be careful what you wish for @luenell #Backstage #LastNight #LA  ğŸ˜˜ https://t.co/TFaQr4hcMK
10/21/2018 3:26,ğŸ¶ https://t.co/EikvyQSXAT
10/20/2018 20:24,"Happy Birthday @SnoopDogg ! Hereâ€™s to many more living Young, Wild and Free! ğŸ¥‚"
10/16/2018 18:29,ğŸ”¥ ğŸ”¥ ğŸ”¥ https://t.co/pnEoWybq9R
10/13/2018 22:54,LETS GO CHAMP! #BLESSED ğŸ¥‚ https://t.co/AK7yBJdmWy
10/13/2018 4:21,Thank you Tulsa! https://t.co/kckMG9oFoj
10/10/2018 16:06,âœ¨âœ¨âœ¨ https://t.co/Ex8o2IP97A
10/9/2018 0:22,You know youâ€™ve made it when you can hire Ed Sheeran to sing you Happy Birthday! ğŸ¾ğŸ¥‚ #ExtraForever!â€¦ https://t.co/jF6KF25XWc
10/8/2018 19:46,Sending yâ€™all nothing but love and positive energy on this international Holiday!!! ğŸ˜œ
10/5/2018 23:53,Met the Legend @dapperdanharlem  today! ğŸ™Œ #newyork https://t.co/oicBiqD6h9
10/5/2018 22:46,Back in New York! https://t.co/TW8m51yqKj
10/5/2018 20:27,Had to do it before the show! Brooklyn Iâ€™m on my way! Thanks you @DapperDanHarlem https://t.co/A2VEUwYbon
10/2/2018 16:52,ğŸ¶ The butterfly uh-uh thatâ€™s old! https://t.co/EcxJMWYiHk
9/24/2018 19:50,"RT @TMobileArena: Ring in 2019 with @BrunoMars &amp; @BoyzIIMen on 12/30 &amp; 12/31! Tickets go ON SALE Friday, 9/28 at 10AM PT! https://t.co/q21qâ€¦"
9/23/2018 20:13,That chorus will forever bump! Thank you Kelly! https://t.co/prHDCp9A7D
9/23/2018 3:24,Thank you Toronto! Thank you @ciara ! weâ€™ll see yâ€™all tomorrow night! âœ¨ https://t.co/Iw8Abh4V60
9/22/2018 22:06,Toronto! ğŸ‡¨ğŸ‡¦ Night 1 #24kmagicworldtour https://t.co/p2TKTP9E50
9/21/2018 23:36,"When asked, ""Bruno what is the key to your success?"" I simply reply....â˜ï¸ https://t.co/eOGBFQi9lp"
9/21/2018 17:43,Wake Up In The Sky https://t.co/jq7xvto6fL
9/20/2018 17:13,ğŸ¦„ https://t.co/BH1raLZ1tI
9/20/2018 16:34,â€œYou Canâ€™t Tell Me I Ainâ€™t Flyâ€ https://t.co/lSso6zQ2P2
9/16/2018 18:33,Detroit! Night 2! #24kmagicworldtour âœ¨ https://t.co/Qa8ZJF3qnb
9/15/2018 23:17,HAVE FUN!!!! Yâ€™all look great!!!! ğŸ¥‚ https://t.co/X14rSOo2t3
9/14/2018 15:55,ğŸ¶ GUCCI BARRY WHITE! ğŸ¶ https://t.co/RLtoI3vpjy
9/14/2018 15:23,RT @gucci1017: #WakeUpInTheSky new Guccimane ft â¦@BrunoMarsâ© â¦@KodakBlack1kâ© out rite now!!!! GoğŸ¹ğŸ¹ğŸ¹ğŸ¹ğŸ¹ğŸ¹ğŸ¹ğŸ¹ğŸ¹ https://t.co/kG51P2joZQ
9/13/2018 16:06,.  ğŸ¶ @gucci1017  @BrunoMars  @KodakBlack1k Droppin at midnight!  Tell Everybody! https://t.co/O6ykGH59HV
9/12/2018 0:10,ğŸ”¥ https://t.co/RZUDy21oip
9/9/2018 23:22,Happy B-Day to my Big Bro @mrEricHernandez I love you &amp; I wouldnâ€™t want anyone else behind those drums. You still dâ€¦ https://t.co/nIPeVffbSz
9/8/2018 2:20,RT @Mahonefthes: @BrunoMars @BoyzIIMen This is you https://t.co/wUEovsoZyD
9/8/2018 2:16,. @BoyzIIMen is killin it right now in Denver. Damn!  maybe I didnâ€™t think this through ğŸ˜‚ I gotta warm up.
9/7/2018 19:35,DENVER! WERE FINALLY HERE! #24KMagicWorldTourFinale TONIGHT!!!! ğŸ¾
9/1/2018 0:20,Guadalupe â¤ï¸ https://t.co/voGFEANQgK
8/30/2018 23:21,"Yeah I guess i did it all for nothing.ğŸ˜œ But I love talkin to yâ€™all! Enjoy your evening.  Sincerly, Juan Money ğŸ’° https://t.co/iySGhmExMX"
8/30/2018 23:19,One could argue you did this. You did this to me. You made me this way!!Who have I become?? whhyyyyyyyyyyyy????????â€¦ https://t.co/e5lShXU1j4
8/30/2018 23:16,K I gotta go shave now. Good talk âœŒï¸
8/30/2018 23:09,I just learned how to spell oboe! Thanks twittah ğŸ‘
8/30/2018 23:06,And I wanna learn how to play the obo. https://t.co/Ms29NCBjBI
8/30/2018 23:01,ğŸ¤” and a cape? https://t.co/BvEzneMFwF
8/30/2018 22:58,RT @Jessica72893757: @BrunoMars https://t.co/xwAdW0ZtQk
8/30/2018 22:56,Jesus ğŸ˜­ You got me cryin all over this glorious new facial hair of mine. Bless your lil heart. https://t.co/RQH3va74fi
8/30/2018 22:50,NAH! I need actions! https://t.co/JrylpAoVIg
8/30/2018 22:46,If I canâ€™t wear a cape and grow a weak ass mustache how will I ever know if the love was real?
8/30/2018 22:41,ğŸ˜œ https://t.co/WhLKwKhRfU
8/30/2018 22:40,ğŸ˜’ itâ€™s you again... https://t.co/WhLKwKhRfU
8/30/2018 22:40,RT @Shining_StarKat: @BrunoMars Whatcha tryna do?! https://t.co/6RE8IYMv3t
8/30/2018 22:39,RT @TTLYBOCA: @BrunoMars you when it fully grows out https://t.co/1gBtrmTLoA
8/30/2018 22:36,This is what 8 months of not shaving looks like ğŸ¤£ I figure 2 more years and its gonna be poppin! ğŸ•ºğŸ½ https://t.co/gsGbeol4SU
8/30/2018 22:35,You have no clue. https://t.co/WJn4KwNead
8/30/2018 22:30,RT @AmsMars: @BrunoMars ğŸ˜‚ğŸ˜‚ğŸ˜‚ https://t.co/XXHedtYyWz
8/30/2018 22:20,The name is Juan Money. ğŸ˜ https://t.co/u4qDizckPn
8/30/2018 22:18,RT @SpookyMagoo: @BrunoMars THE CATFISH IS BACK! .. ğŸ˜‚ğŸ˜‚ğŸ˜‚ğŸ˜‚ .. I love it!!ğŸ˜‚ğŸ˜‚ğŸ˜‚
8/30/2018 22:17,Give it a chance!!! ğŸ™ https://t.co/8PS8gYay0Z
8/30/2018 22:16,Donâ€™t act like you donâ€™t see the mustache. Once this fully grows Iâ€™ll be unstoppable!! Youâ€™ll see!!! YOUâ€™LL ALL SEEâ€¦ https://t.co/7NLLIPpzTw
8/29/2018 21:41,Still Bad! Happy Birthday Michael Jackson! ğŸ‘‘ https://t.co/w1u4rYtaYO
8/20/2018 8:40,Ayyyyee!! Go head Frankie!! https://t.co/TsRnnk8yFw
8/16/2018 19:00,Bless the heavens with that voice like youâ€™ve blessed us all on this earth. RIP Queen Of Soul. â¤ï¸ https://t.co/SXYijeIMIL
8/14/2018 22:00,Hath the game changeth??? ğŸ¤” https://t.co/LgEnGcyzml
8/14/2018 10:08,https://t.co/Qpe6BE81lq â¤ï¸
8/12/2018 17:30,https://t.co/gaANO3Dh3O â¤ï¸ https://t.co/DYkcNMv4gt
8/4/2018 3:57,Thank You Lollapalooza! #ChiTown https://t.co/whATGe0wMY
8/1/2018 2:07,RT @BlessedMMA: G.O.A.T @KingJames https://t.co/OtJiP9cOLD
7/31/2018 19:00,Reminder: I really need to buy a cape.
7/31/2018 18:59,I need to buy a cape.
7/31/2018 17:16,LETSSS GOOOOOO!!!ğŸ¤™ https://t.co/LwkbOc6BXn
7/30/2018 2:52,NAH! https://t.co/KJnOO6ZcUH
7/30/2018 2:49,I got a cousin learning all of Cardiâ€™s songs right now. Itâ€™s gonna be great! Heâ€™s super excited ğŸ˜† https://t.co/6RILW7wNQS
7/30/2018 2:49,I got a cousin learning all of Cardiâ€™s songs right now. Itâ€™s gonna be great! Heâ€™s super excited ğŸ˜† https://t.co/6RILW7wNQS
7/30/2018 2:39,Basically https://t.co/clzF0kCJxu
7/30/2018 2:29,ğŸ•ºğŸ½+ğŸ•ºğŸ½= ğŸ’€                                             Lil punk ass baby legs ğŸ˜« https://t.co/b9a7APht7p
7/27/2018 1:15,.. @iamcardib ğŸ™Œ https://t.co/SeLAA9SoIS
7/25/2018 5:40,#NiaWilson ğŸ™ https://t.co/R33PdRpahL
7/24/2018 22:13,Sending love and prayers to Demi Lovato ğŸ™
7/18/2018 5:45,Happy birthday to my big bro @philsmeeze I donâ€™t know how we get work done in between all the jokes and laughs butâ€¦ https://t.co/yxSDwOPC2V
7/17/2018 2:18,Thank you @MTV !!  Congrats to all the nominees!!! https://t.co/ragNdgucbL
7/15/2018 11:39,I gotta do a song with Uncle CharlieğŸ™ https://t.co/LRRZXFWyYS
7/14/2018 11:37,#Hooligans https://t.co/jyV89xcIX1
7/13/2018 18:23,Until the world knows how thankful I am! ğŸ’¥ https://t.co/GGdUQXw572
7/13/2018 18:21,ğŸ˜‚
7/13/2018 18:21,Thank u #Emmys @philsmeeze @JoHnJohnThE1  @jamareoartis @phredley @itsJimmyKing @DwayneDuggerII @kameronwhalumâ€¦ https://t.co/ocbpfPgBz5
7/13/2018 16:11,The day has come!! Iâ€™ll see you tomorrow London. https://t.co/DGMAGR2A2U
7/13/2018 3:08,UNCLE CHARLIE!!!! CANT WAIT!!! https://t.co/iyE5oSabty
7/9/2018 15:26,Yo Marvin you just won two tickets and a free T shirt. Thanks for playing. Let me know what city you want. Hope youâ€¦ https://t.co/qvBZjD29JV
7/9/2018 15:22,https://t.co/vtCSd4ljRS ğŸ™Œ
7/9/2018 15:18,Boom!!!!!!! https://t.co/1IUvogouZv
7/9/2018 15:16,Who ever get it gets two tix to a show near you!  ğŸ¤« https://t.co/6axhCzWicm
7/9/2018 15:14,I do it for the children ğŸ˜¢... YOUUUU can take ğŸ¶ Theee Childrueeuuunnn ğŸ¶ who knows this reference? â˜ï¸ https://t.co/nuwEaYWD7v
7/9/2018 15:10,FRIKIKIKIKIKI!!!! https://t.co/rtOYcBhcxA
7/9/2018 15:08,Just let me be...ğŸ¤£ https://t.co/aaUufsRQ0t
7/9/2018 14:52,RT @taesgvccibelt: @BrunoMars This man said minus-well... Noah fence Bruno but I donâ€™t think thatâ€™s a thing ğŸ¤”
7/9/2018 14:52,Shiiiiettt!
7/9/2018 14:29,TAILOR MADE! ğŸ”¥ https://t.co/5SAERWNbbd
7/7/2018 19:17,Stoked to be in Poland so I can FINALLY get some new headshots! ğŸ‡µğŸ‡± https://t.co/V8Sx6OFTWB
7/2/2018 18:17,Your mother must be an incredibly handsome woman ğŸ˜œ https://t.co/K49haxUiGJ
7/2/2018 17:50,Hereâ€™s me being thirsty trying to take a selfie in the club. Thank you Paris for giving us our biggest show yet!â€¦ https://t.co/TZoTV5h7rd
6/30/2018 19:05,Paris with the game changer @virgilabloh Before we rock Stade De France ğŸ‡«ğŸ‡· #24kmagicworldtour https://t.co/CmqeKgkjyP
6/29/2018 11:49,I donâ€™t know what this tweet says but this video makes me happy. I love you all!! https://t.co/dMKg4u2zQQ
6/27/2018 13:39,Found this video in my phone. This is @BRODYTHEGR8  and I trying to figure out the groove for 24k Magic in 2015.  Wâ€¦ https://t.co/ZTFkGONhGe
6/27/2018 11:43,RT @Listenary: Bruno Mars. https://t.co/YDb00NIx43
6/25/2018 16:24,ğŸ˜‚ https://t.co/68giC02s0j
6/25/2018 16:18,Steady callin me out!! They act like they luuhhhh me but tweet otherwise. ğŸ˜Mmm mmm mmm #CruelWorld https://t.co/xEySzTdWbo
6/25/2018 16:15,ğŸ¼ I donâ€™t ever make a promise that I canâ€™t keep ğŸ¶ ~ Bruno Mars ğŸ˜ https://t.co/X183syoupW
6/25/2018 15:49,Last night in Lisbon I got to sing for like 2 miliion people. Nah it was more like 1 million. I ainâ€™t going less thâ€¦ https://t.co/fLfncdvZoc
6/23/2018 16:40,Donâ€™t back pedal now baby we here! ğŸ˜‚ https://t.co/UkswejRij7
6/23/2018 16:35,Oh the ole what words should I say  to get a reply trick huh ğŸ˜’ https://t.co/UQ54aFWlcs
6/23/2018 16:32,You always gonna twist my tweets and use it against me huh? ğŸ˜’ https://t.co/DBBlzOYgso
6/23/2018 16:28,You always got somethin to say ğŸ˜ https://t.co/f9pKLWho35
6/23/2018 16:23,"Yo Iâ€™m poppin in Madrid!!  ğŸ˜ Thank you all for always bringin it at the concerts. Canâ€™t wait to come back! Love,  Eâ€¦ https://t.co/K96z9zmBI3"
6/22/2018 8:56,ğŸ˜‚ THE BEST! Drink lots of agua and say a prayer tonight Chicas. For El Capitan and his hermanos are showing up withâ€¦ https://t.co/RzgLYiC321
6/21/2018 20:32,Thank you Lucy. It was an honor to sing for yâ€™all last night. â™¥ï¸ https://t.co/H787ncgl74
6/17/2018 17:22,The man that taught me everything I know. Fromâ€¦ https://t.co/eeVcl12is6
6/15/2018 22:57,ğŸ¼ Daylight ğŸµ https://t.co/wHl1OG7atJ
6/14/2018 5:33,I love you Hawaii! â™¥ï¸ Thank You so much. The band and I are gonna have that stadium Shakin!!! https://t.co/PdvTv94sdB
6/11/2018 20:55,One day imma figure out what to do with thisâ€¦ https://t.co/h5hadudLZJ
6/10/2018 7:01,Shut up Dwayne! I shred that shit! https://t.co/NuDjmuYHhq
6/10/2018 7:01,NAH! https://t.co/wIfIJ5ILnw
6/10/2018 6:57,You right. https://t.co/1pT9eMyMOa
6/10/2018 6:55,Nah! https://t.co/G2iS9MO3tS
6/10/2018 6:50,ğŸ˜‚ğŸ˜‚ğŸ˜‚ğŸ˜‚ğŸ˜‚  How Could I forget? https://t.co/uCKoJhVcnE
6/10/2018 6:45,A song by Santana called Europa. The band will tell you. I play it every soundcheck.  @jamareoartis always asks meâ€¦ https://t.co/nZHAuR1Dbp
6/10/2018 6:37,ğŸ™Œâ™¥ï¸ https://t.co/Smur0SDV08
6/10/2018 0:03,Thank You Thank You Thank You! https://t.co/8iPr8XOTBd
6/10/2018 0:00,Thank you ğŸ˜Š see you soon. https://t.co/ck6kPCUyBd
6/9/2018 22:04,Nah! https://t.co/7zbswauW10
6/9/2018 22:02,ITS COMING. I GOT YOU https://t.co/bPnE94U7db
6/9/2018 21:57,Have no fear kissy face! Braddah gotta plan ğŸ˜ https://t.co/pBvSuKXTZv
6/9/2018 21:37,HAWAII I HEAR YOU!! WERE DOING IT!!! TWO SHOWS AT ALOHA STADIUM!!! #CHEEEHOOOO ğŸ¤™
6/9/2018 21:34,ğŸ¤” https://t.co/uWLtMUfzmT
6/9/2018 21:34,"RT @_palolooo: Yoooo @BrunoMars, you gotta add a second show in Hawaii for the homies my dude ğŸ™ğŸ™ğŸ™"
6/9/2018 21:34,RT @CamMtess: @BrunoMars 2nd show please!  Tickets sold out in 20 min. #showyourAloha ğŸ¤™ğŸ¼
6/6/2018 1:20,ğŸ™Œ â™¥ï¸ https://t.co/WEUQqQrmOB
6/2/2018 18:51,Ok ok ok thatâ€™s enough. https://t.co/BpQwK1zUEF
6/2/2018 18:50,Alright calm down ğŸ˜‚ https://t.co/h1vfBxV0Mu
6/2/2018 18:49,ğŸ‘‡Itâ€™s pretty close actually ğŸ˜¢ #Fuck
6/2/2018 18:45,ğŸ˜’ https://t.co/bqDoQB0bGM
6/2/2018 18:38,ğŸ˜’ https://t.co/D0xKVInZlg
5/31/2018 21:30,TBT https://t.co/aC2wGFqkqs
5/30/2018 19:04,ğŸ˜‚ https://t.co/Hi8GlS3vDY
5/30/2018 19:03,No scraps! All love! Weâ€™ll figure it out! Brada love da Aina and Aina love da brada! ğŸ¤™ğŸ˜œ https://t.co/hA0paMsffG
5/30/2018 18:00,Live In Hawaii #24KMagicWorldTour https://t.co/TNXz9c4WVV
5/30/2018 3:35,Super fail! I tried ğŸ˜œ https://t.co/zjruCQxvWs
5/30/2018 2:18,Iâ€™m https://t.co/MweCfxj6T4
5/30/2018 2:17,Home https://t.co/Yza3svl2dM
5/26/2018 4:10,NAH! https://t.co/EnbNTZeLz0
5/21/2018 3:03,Just posted a photo https://t.co/cpsd2scPhv
5/21/2018 2:53,ğŸ‘‘ https://t.co/aq0kKpfUkt
5/21/2018 2:50,Ms. Jackson â¤ï¸ https://t.co/4b5WbCFcew
5/19/2018 3:22,But nah! https://t.co/n603cf39i5
5/19/2018 3:21,That was beautiful ğŸ˜¢ https://t.co/n603cf39i5
5/19/2018 3:12,han backwards is guess what? Nah! https://t.co/XN9frsqrUp
5/19/2018 3:10,Nah! https://t.co/d0fT7TO20i
5/19/2018 3:10,Nah! https://t.co/T5mtjr2soC
5/19/2018 3:10,Nah! https://t.co/x45nPAYjAr
5/19/2018 3:10,Nah! https://t.co/fURfenCcqU
5/19/2018 3:09,Nah! https://t.co/3hyiMCyvLA
5/19/2018 3:07,Iâ€™m in the shadows babbbbyyyy https://t.co/BtSFLWJyQ6
5/19/2018 2:56,"RT @E40: E-40 New album 
â€œ THE  GIFT OF GAB â€œ
June 29th 2018 ğŸš€ğŸš€ğŸš€ğŸš€ğŸš€ https://t.co/gXdZA84Upg"
5/14/2018 15:09,"*me: tells camera man to stop 

*also me: immediately posts onâ€¦ https://t.co/0VhPFtSUYX"
5/14/2018 13:30,*Serenaded ğŸ¤ª
5/14/2018 13:25,You got it!!! If you ainâ€™t here to party take yo ass back home!! And if you ainâ€™t got yo phone out come get serinatâ€¦ https://t.co/s6gcXXcLPF
5/13/2018 3:47,Last show tonight in Hong Kong ğŸ‡­ğŸ‡° #24kmagicworldtour  LETS GOOOOOO! https://t.co/rtdZCYsOXg
5/12/2018 2:11,https://t.co/EtQave5NWl Morning inspiration. Tomorrow is not promised. Letâ€™s Rebuild! I wanna see a glimpse before I exit. Donâ€™t you?
5/7/2018 4:42,Thank you all for another session of #AskTheDragon. Gotta get ready for tonightâ€™s show in Singapore. Love on Love oâ€¦ https://t.co/ugpEGmPdKc
5/7/2018 4:30,Baby steps https://t.co/zXYkke1fK0
5/7/2018 4:18,Nah! https://t.co/oCS8HJMvge
5/7/2018 4:16,Uuuuuhhhhh. https://t.co/Hbv6qJFWhD
5/7/2018 4:13,Mollyâ€™s Game https://t.co/1GocAyL0bJ
5/7/2018 4:05,He donâ€™t return my calls no more ğŸ˜’ after that basketball game shit ainâ€™t never been the same. #RIP https://t.co/JA9NjGRP3Y
5/7/2018 4:04,"The Beach Boys, Gucci Mane and last night the band and I were listening to nine inch nails, System of a Down and inâ€¦ https://t.co/gpSl9IpUTj"
5/7/2018 4:01,ğŸ˜‚ https://t.co/yAob6u3oEm
5/7/2018 4:00,Both of those are fire! Thank you https://t.co/lzIhUHAQC2
5/7/2018 3:59,E-panda https://t.co/sVBgQMpukf
5/7/2018 3:54,Always! https://t.co/6JpVYqK9PJ
5/7/2018 3:54,I havenâ€™t written my best album yet https://t.co/duWjodkimr
5/7/2018 3:53,Always! https://t.co/D8qfr9aNfH
5/7/2018 3:52,What you mean?? Itâ€™s one of my favorites https://t.co/HV9rc36XHT
5/7/2018 3:51,Two diffrent shows starring one magnificent unicorn. https://t.co/IZYGQ7Mn10
5/7/2018 3:41,Again Itâ€™s not true at all. I love Michael  too much. If there was a song he wanted to release Iâ€™m  sure it wouldâ€™vâ€¦ https://t.co/NFBzccWskY
5/7/2018 3:37,Childish Gambino. From his show Atlanta to his music and new video. All around incredible. https://t.co/yooD3AHxir
5/7/2018 3:33,No that is not true https://t.co/luCOpHqOS8
5/7/2018 3:32,Nah! https://t.co/L6hjWrzato
5/7/2018 3:31,Everyone!! I wanna go on a collaboration spree. Jump from studio to studio and start writing again. https://t.co/s8ajCiw0X7
5/7/2018 3:29,I donâ€™t know bout all that. but I will do my best to leave yâ€™all wit something to rock to https://t.co/QgwYeXOjT6
5/7/2018 3:26,Itâ€™s been a while letâ€™s do it!!! #AskTheDragon ğŸ”¥ ğŸ”¥
5/7/2018 3:24,Shit https://t.co/bs5jqnOz0f
5/7/2018 3:21,Yo Dwayne when Iâ€™m tweeting Back Back. https://t.co/wXKCoxmGod
5/7/2018 3:17,BET! https://t.co/SE19gOUcwh
5/7/2018 3:16,You really are. âœ¨ https://t.co/BGBatruVSK
5/7/2018 3:12,Nah! https://t.co/10oWsmnI3i
5/7/2018 3:11,Nah itâ€™s not that serious. But  the truth is why would I want to sing to a bunch of screens when I much rather be sâ€¦ https://t.co/j02958iXYP
5/6/2018 6:23,Brace yourself Singapore. For I have returned. ğŸ˜  #24kmagicworldtour Tonight!! https://t.co/6595pYKVXI
5/6/2018 6:16,Incredible ğŸ˜‚ğŸ‘ğŸ‘ğŸ‘ https://t.co/hVMb1EoziE
5/6/2018 1:40,Feelin myself in Manila ğŸ‡µğŸ‡­ #24kmagicworldtour https://t.co/xyIk2je0cF
5/1/2018 15:35,Thank you Bangkok!!! #24kmagicworldtour https://t.co/h6UshK85Zw
4/30/2018 4:07,https://t.co/pkIIb6e3Dl
4/23/2018 7:31,I use to dream about this shit!! ğŸ˜œğŸ™Œ #StillDreamin https://t.co/mYlaB0BU2z
4/21/2018 0:35,Mood https://t.co/pvlRlJsyJM
4/19/2018 10:32,Sending love and prayers to Bruno Sammartinoâ€™s family. He was such a gentleman when I met him &amp; really meant a lot to my father &amp; I. RIPğŸ‘‘
4/17/2018 15:09,ğŸ’¥ğŸ’¥ğŸ’¥ğŸ’¥ğŸ’¥ğŸ’¥musicğŸ’¥ğŸ’¥ğŸ’¥ğŸ’¥ğŸ’¥
4/17/2018 15:08,Congrats 2 @iamcardib on her #1 album ğŸ’¥ Congrats 2 @kendricklamar for winning The PulitzerğŸ’¥ Congrats to @Beyonce for killin it @ Coachella ğŸ’¥
4/16/2018 9:48,Cuz I canâ€™t get a hold of YoooooouuuuuuğŸ¶ https://t.co/wI0jiLcUWq
4/13/2018 9:48,You canâ€™t stop what was meant to be
